{"cameraMode":{"drawMode":0,"name":"Shaded","section":"Shading Mode"},"sceneLighting":false,"audioPlay":false,"sceneViewState":{"m_AlwaysRefresh":false,"showFog":true,"showSkybox":false,"showFlares":true,"showImageEffects":true,"showParticleSystems":true,"showVisualEffectGraphs":true,"m_FxEnabled":true},"in2DMode":false,"pivot":{"x":0.0008398294448852539,"y":0.09896694868803024,"z":-0.00016508996486663818},"rotation":{"x":0.20354901254177094,"y":-0.6000481247901917,"z":0.1614353209733963,"w":0.7566099166870117},"size":0.26425862312316897,"orthographic":false}