{"cameraMode":{"drawMode":0,"name":"Shaded","section":"Shading Mode"},"sceneLighting":false,"audioPlay":false,"sceneViewState":{"m_AlwaysRefresh":false,"showFog":true,"showSkybox":false,"showFlares":true,"showImageEffects":true,"showParticleSystems":true,"showVisualEffectGraphs":true,"m_FxEnabled":true},"in2DMode":false,"pivot":{"x":0.11000001430511475,"y":-0.6100000143051148,"z":7.050000190734863},"rotation":{"x":0.17038938403129579,"y":0.031029528006911279,"z":-0.005364608485251665,"w":0.9848824143409729},"size":2.305792808532715,"orthographic":false}