{"cameraMode":{"drawMode":0,"name":"Shaded","section":"Shading Mode"},"sceneLighting":false,"audioPlay":false,"sceneViewState":{"m_AlwaysRefresh":false,"showFog":true,"showSkybox":false,"showFlares":true,"showImageEffects":true,"showParticleSystems":true,"showVisualEffectGraphs":true,"m_FxEnabled":true},"in2DMode":false,"pivot":{"x":0.7170580625534058,"y":0.6489589810371399,"z":0.28805503249168398},"rotation":{"x":0.10617918521165848,"y":-0.8575932383537293,"z":0.19656291604042054,"w":0.463277131319046},"size":0.05667957663536072,"orthographic":false}