{"cameraMode":{"drawMode":0,"name":"Shaded","section":"Shading Mode"},"sceneLighting":false,"audioPlay":false,"sceneViewState":{"m_AlwaysRefresh":false,"showFog":true,"showSkybox":false,"showFlares":true,"showImageEffects":true,"showParticleSystems":true,"showVisualEffectGraphs":true,"m_FxEnabled":true},"in2DMode":false,"pivot":{"x":635.9324340820313,"y":166.71286010742188,"z":-4.939925193786621},"rotation":{"x":0.15561118721961976,"y":-0.028153561055660249,"z":0.004440624266862869,"w":0.9874149560928345},"size":1.7531750202178956,"orthographic":false}