{"cameraMode":{"drawMode":0,"name":"Shaded","section":"Shading Mode"},"sceneLighting":true,"audioPlay":false,"sceneViewState":{"m_AlwaysRefresh":false,"showFog":true,"showSkybox":true,"showFlares":true,"showImageEffects":true,"showParticleSystems":true,"showVisualEffectGraphs":true,"m_FxEnabled":true},"in2DMode":false,"pivot":{"x":0.3685770034790039,"y":0.6648006439208984,"z":-1.1590923070907593},"rotation":{"x":0.19438478350639344,"y":-0.1595875769853592,"z":0.032072484493255618,"w":0.96733158826828},"size":0.26425862312316897,"orthographic":false}