{"cameraMode":{"drawMode":0,"name":"Shaded","section":"Shading Mode"},"sceneLighting":true,"audioPlay":false,"sceneViewState":{"m_AlwaysRefresh":false,"showFog":true,"showSkybox":true,"showFlares":true,"showImageEffects":true,"showParticleSystems":true,"showVisualEffectGraphs":true,"m_FxEnabled":true},"in2DMode":false,"pivot":{"x":396.86865234375,"y":636.6351928710938,"z":-7.22259521484375},"rotation":{"x":-0.011691500432789326,"y":-0.009002760984003544,"z":-0.00009875692921923473,"w":0.9999164938926697},"size":526.9266357421875,"orthographic":false}