{"cameraMode":{"drawMode":0,"name":"Shaded","section":"Shading Mode"},"sceneLighting":true,"audioPlay":false,"sceneViewState":{"m_AlwaysRefresh":false,"showFog":true,"showSkybox":true,"showFlares":true,"showImageEffects":true,"showParticleSystems":true,"showVisualEffectGraphs":true,"m_FxEnabled":true},"in2DMode":false,"pivot":{"x":559.054443359375,"y":224.44546508789063,"z":40.70755386352539},"rotation":{"x":-0.01380721852183342,"y":-0.015899796038866044,"z":0.0002170226798625663,"w":-0.9997894763946533},"size":338.9475402832031,"orthographic":false}